assigned_unid,report_date,capital_called_in_period,distributions_in_period
0OhJnjbEk9uP0J2Ar3pz,"2011-12-31 00:00:00",0,0
0OhJnjbEk9uP0J2Ar3pz,"2012-03-31 00:00:00",490362,0
0OhJnjbEk9uP0J2Ar3pz,"2012-06-30 00:00:00",5488397,0
0OhJnjbEk9uP0J2Ar3pz,"2012-09-30 00:00:00",6512465,0
0OhJnjbEk9uP0J2Ar3pz,"2012-12-31 00:00:00",6570615,0
0OhJnjbEk9uP0J2Ar3pz,"2013-03-31 00:00:00",9884228,0
0OhJnjbEk9uP0J2Ar3pz,"2013-06-30 00:00:00",0,511038
0OhJnjbEk9uP0J2Ar3pz,"2013-09-30 00:00:00",0,0
0OhJnjbEk9uP0J2Ar3pz,"2013-12-31 00:00:00",0,0
0OhJnjbEk9uP0J2Ar3pz,"2014-03-31 00:00:00",13084933,0
0OhJnjbEk9uP0J2Ar3pz,"2014-06-30 00:00:00",8517885,1125703
0OhJnjbEk9uP0J2Ar3pz,"2014-09-30 00:00:00",2814831,0
0OhJnjbEk9uP0J2Ar3pz,"2014-12-31 00:00:00",7558135,0
0OhJnjbEk9uP0J2Ar3pz,"2015-03-31 00:00:00",0,0
0OhJnjbEk9uP0J2Ar3pz,"2015-06-30 00:00:00",2453493,1503716
0OhJnjbEk9uP0J2Ar3pz,"2015-09-30 00:00:00",0,3416344
0OhJnjbEk9uP0J2Ar3pz,"2015-12-31 00:00:00",9323359,0
0OhJnjbEk9uP0J2Ar3pz,"2016-03-31 00:00:00",3545364,0
0OhJnjbEk9uP0J2Ar3pz,"2016-06-30 00:00:00",0,1307307
0OhJnjbEk9uP0J2Ar3pz,"2016-09-30 00:00:00",0,0
0OhJnjbEk9uP0J2Ar3pz,"2016-12-31 00:00:00",2257029,17150031
0OhJnjbEk9uP0J2Ar3pz,"2017-03-31 00:00:00",1621231,0
0OhJnjbEk9uP0J2Ar3pz,"2017-06-30 00:00:00",0,2411224
0OhJnjbEk9uP0J2Ar3pz,"2017-09-30 00:00:00",-45025,817756
0OhJnjbEk9uP0J2Ar3pz,"2017-12-31 00:00:00",0,0
0OhJnjbEk9uP0J2Ar3pz,"2018-03-31 00:00:00",1019690,0
0OhJnjbEk9uP0J2Ar3pz,"2018-06-30 00:00:00",1215255,4353029
0OhJnjbEk9uP0J2Ar3pz,"2018-09-30 00:00:00",0,5219550
0OhJnjbEk9uP0J2Ar3pz,"2018-12-31 00:00:00",0,11776441
0OhJnjbEk9uP0J2Ar3pz,"2019-03-31 00:00:00",0,26551790
0OhJnjbEk9uP0J2Ar3pz,"2019-06-30 00:00:00",891083,3777698
0OhJnjbEk9uP0J2Ar3pz,"2019-09-30 00:00:00",0,12434344
0OhJnjbEk9uP0J2Ar3pz,"2019-12-31 00:00:00",0,0
0OhJnjbEk9uP0J2Ar3pz,"2020-03-31 00:00:00",1688888,3654616
0OhJnjbEk9uP0J2Ar3pz,"2020-06-30 00:00:00",-605,0
0OhJnjbEk9uP0J2Ar3pz,"2020-09-30 00:00:00",-43700,0
0OhJnjbEk9uP0J2Ar3pz,"2020-12-31 00:00:00",1869744,3437244
0OhJnjbEk9uP0J2Ar3pz,"2021-03-31 00:00:00",0,0
0OhJnjbEk9uP0J2Ar3pz,"2021-06-30 00:00:00",420538,818948
0rfggss424g7c1rbhxux,"2013-12-31 00:00:00",0,0
0rfggss424g7c1rbhxux,"2014-03-31 00:00:00",-5685728,617769
0rfggss424g7c1rbhxux,"2014-06-30 00:00:00",0,0
0rfggss424g7c1rbhxux,"2014-09-30 00:00:00",15417721,0
0rfggss424g7c1rbhxux,"2014-12-31 00:00:00",29665543,0
0rfggss424g7c1rbhxux,"2015-03-31 00:00:00",2739474,11411790
0rfggss424g7c1rbhxux,"2015-06-30 00:00:00",13611615,4516812
0rfggss424g7c1rbhxux,"2015-09-30 00:00:00",26415956,494909
0rfggss424g7c1rbhxux,"2015-12-31 00:00:00",0,0
0rfggss424g7c1rbhxux,"2016-03-31 00:00:00",2739473,30847149
0rfggss424g7c1rbhxux,"2016-06-30 00:00:00",19490538,14696771
0rfggss424g7c1rbhxux,"2016-09-30 00:00:00",17393297,1530161
0rfggss424g7c1rbhxux,"2016-12-31 00:00:00",0,0
0rfggss424g7c1rbhxux,"2017-03-31 00:00:00",13078468,670497
0rfggss424g7c1rbhxux,"2017-06-30 00:00:00",-244266,975209
0rfggss424g7c1rbhxux,"2017-09-30 00:00:00",3283938,1724364
0rfggss424g7c1rbhxux,"2017-12-31 00:00:00",39218380,15342998
0rfggss424g7c1rbhxux,"2018-03-31 00:00:00",19845385,0
0rfggss424g7c1rbhxux,"2018-06-30 00:00:00",6611356,1327829
0rfggss424g7c1rbhxux,"2018-09-30 00:00:00",3186938,1566055
0rfggss424g7c1rbhxux,"2018-12-31 00:00:00",45268343,19622496
0rfggss424g7c1rbhxux,"2019-03-31 00:00:00",0,0
0rfggss424g7c1rbhxux,"2019-06-30 00:00:00",4957228,44036727
0rfggss424g7c1rbhxux,"2019-09-30 00:00:00",0,0
0rfggss424g7c1rbhxux,"2019-12-31 00:00:00",3927923,98697348
0rfggss424g7c1rbhxux,"2020-03-31 00:00:00",1795357,7621767
0rfggss424g7c1rbhxux,"2020-06-30 00:00:00",0,0
0rfggss424g7c1rbhxux,"2020-09-30 00:00:00",2962763,826176
0rfggss424g7c1rbhxux,"2020-12-31 00:00:00",0,0
0rfggss424g7c1rbhxux,"2021-03-31 00:00:00",1303471,11823948
0rfggss424g7c1rbhxux,"2021-06-30 00:00:00",0,0
0ri4vpbc8xitqiw9a7b8,"2013-12-31 00:00:00",0,0
0ri4vpbc8xitqiw9a7b8,"2014-03-31 00:00:00",21450000,0
0ri4vpbc8xitqiw9a7b8,"2014-06-30 00:00:00",36600000,0
0ri4vpbc8xitqiw9a7b8,"2014-09-30 00:00:00",18600000,0
0ri4vpbc8xitqiw9a7b8,"2014-12-31 00:00:00",8100000,0
0ri4vpbc8xitqiw9a7b8,"2015-03-31 00:00:00",3000000,0
0ri4vpbc8xitqiw9a7b8,"2015-06-30 00:00:00",4500000,1868255
0ri4vpbc8xitqiw9a7b8,"2015-09-30 00:00:00",7950000,0
0ri4vpbc8xitqiw9a7b8,"2015-12-31 00:00:00",0,0
0ri4vpbc8xitqiw9a7b8,"2016-03-31 00:00:00",0,0
0ri4vpbc8xitqiw9a7b8,"2016-06-30 00:00:00",4200000,3084630
0ri4vpbc8xitqiw9a7b8,"2016-09-30 00:00:00",0,5396344
0ri4vpbc8xitqiw9a7b8,"2016-12-31 00:00:00",2700000,0
0ri4vpbc8xitqiw9a7b8,"2017-03-31 00:00:00",0,9745173
0ri4vpbc8xitqiw9a7b8,"2017-06-30 00:00:00",0,0
0ri4vpbc8xitqiw9a7b8,"2017-09-30 00:00:00",0,24858427
0ri4vpbc8xitqiw9a7b8,"2017-12-31 00:00:00",0,0
0ri4vpbc8xitqiw9a7b8,"2018-03-31 00:00:00",0,0
0ri4vpbc8xitqiw9a7b8,"2018-06-30 00:00:00",6750000,0
0ri4vpbc8xitqiw9a7b8,"2018-09-30 00:00:00",0,23527738
0ri4vpbc8xitqiw9a7b8,"2018-12-31 00:00:00",0,0
0ri4vpbc8xitqiw9a7b8,"2019-03-31 00:00:00",0,31199977
0ri4vpbc8xitqiw9a7b8,"2019-06-30 00:00:00",0,62738045
0ri4vpbc8xitqiw9a7b8,"2019-09-30 00:00:00",0,38626769
0ri4vpbc8xitqiw9a7b8,"2019-12-31 00:00:00",0,0
0ri4vpbc8xitqiw9a7b8,"2020-03-31 00:00:00",0,4242877
0ri4vpbc8xitqiw9a7b8,"2020-06-30 00:00:00",403905,12387607
0ri4vpbc8xitqiw9a7b8,"2020-09-30 00:00:00",0,8480843
0ri4vpbc8xitqiw9a7b8,"2020-12-31 00:00:00",1713164,58746328
0ri4vpbc8xitqiw9a7b8,"2021-03-31 00:00:00",0,22392627
0ri4vpbc8xitqiw9a7b8,"2021-06-30 00:00:00",0,13416386
0y1iprqp200ulazb5mjq,"2018-06-30 00:00:00",0,0
0y1iprqp200ulazb5mjq,"2018-09-30 00:00:00",67105903,0
0y1iprqp200ulazb5mjq,"2018-12-31 00:00:00",21408559,0
0y1iprqp200ulazb5mjq,"2019-03-31 00:00:00",144750156,56910681
0y1iprqp200ulazb5mjq,"2019-06-30 00:00:00",0,0
0y1iprqp200ulazb5mjq,"2019-09-30 00:00:00",-54430697,-56770632
0y1iprqp200ulazb5mjq,"2019-12-31 00:00:00",29580764,3832471
0y1iprqp200ulazb5mjq,"2020-03-31 00:00:00",70817734,0
0y1iprqp200ulazb5mjq,"2020-06-30 00:00:00",45113565,0
0y1iprqp200ulazb5mjq,"2020-09-30 00:00:00",47148280,622436
0y1iprqp200ulazb5mjq,"2020-12-31 00:00:00",27830388,0
0y1iprqp200ulazb5mjq,"2021-03-31 00:00:00",48450021,82790948
0y1iprqp200ulazb5mjq,"2021-06-30 00:00:00",10350119,11943949
12s33xgz5jxwy8v5wi5c,"2020-03-31 00:00:00",0,0
12s33xgz5jxwy8v5wi5c,"2020-06-30 00:00:00",0,0
12s33xgz5jxwy8v5wi5c,"2020-09-30 00:00:00",26000000,19238
12s33xgz5jxwy8v5wi5c,"2020-12-31 00:00:00",40400000,0
12s33xgz5jxwy8v5wi5c,"2021-03-31 00:00:00",24000000,0
12s33xgz5jxwy8v5wi5c,"2021-06-30 00:00:00",38600000,0
14f1f2egxqjhydex1i2w,"2021-03-31 00:00:00",0,0
14f1f2egxqjhydex1i2w,"2021-06-30 00:00:00",0,0
1b15u81m10glzmdd2vc0,"2018-03-31 00:00:00",0,0
1b15u81m10glzmdd2vc0,"2018-06-30 00:00:00",0,0
1b15u81m10glzmdd2vc0,"2018-09-30 00:00:00",35539666,0
1b15u81m10glzmdd2vc0,"2018-12-31 00:00:00",16858185,0
1b15u81m10glzmdd2vc0,"2019-03-31 00:00:00",43306374,0
1b15u81m10glzmdd2vc0,"2019-06-30 00:00:00",48237154,0
1b15u81m10glzmdd2vc0,"2019-09-30 00:00:00",44585816,0
1b15u81m10glzmdd2vc0,"2019-12-31 00:00:00",17278248,24248674
1b15u81m10glzmdd2vc0,"2020-03-31 00:00:00",4630483,25116584
1b15u81m10glzmdd2vc0,"2020-06-30 00:00:00",51714902,14079261
1b15u81m10glzmdd2vc0,"2020-09-30 00:00:00",27446988,256064
1b15u81m10glzmdd2vc0,"2020-12-31 00:00:00",32310349,1273045
1b15u81m10glzmdd2vc0,"2021-03-31 00:00:00",8293057,0
1b15u81m10glzmdd2vc0,"2021-06-30 00:00:00",17394033,21766617
1bhqetsbpjlm6xbie933,"2019-06-30 00:00:00",0,0
1bhqetsbpjlm6xbie933,"2019-09-30 00:00:00",36375000,750000
1bhqetsbpjlm6xbie933,"2019-12-31 00:00:00",75000000,750000
1bhqetsbpjlm6xbie933,"2020-03-31 00:00:00",21375000,750000
1bhqetsbpjlm6xbie933,"2020-06-30 00:00:00",30000000,750000
1bhqetsbpjlm6xbie933,"2020-09-30 00:00:00",55500000,750000
1bhqetsbpjlm6xbie933,"2020-12-31 00:00:00",111750000,750000
1bhqetsbpjlm6xbie933,"2021-03-31 00:00:00",31125000,6170876
1bhqetsbpjlm6xbie933,"2021-06-30 00:00:00",137625000,749943
1hrol9krxp6xqlgyu94a,"2017-03-31 00:00:00",0,0
1hrol9krxp6xqlgyu94a,"2017-06-30 00:00:00",41251520,0
1hrol9krxp6xqlgyu94a,"2017-09-30 00:00:00",0,0
1hrol9krxp6xqlgyu94a,"2017-12-31 00:00:00",25084864,0
1hrol9krxp6xqlgyu94a,"2018-03-31 00:00:00",15150144,0
1hrol9krxp6xqlgyu94a,"2018-06-30 00:00:00",48547200,0
1hrol9krxp6xqlgyu94a,"2018-09-30 00:00:00",17858480,0
1hrol9krxp6xqlgyu94a,"2018-12-31 00:00:00",30375754,0
1hrol9krxp6xqlgyu94a,"2019-03-31 00:00:00",32451071,0
1hrol9krxp6xqlgyu94a,"2019-06-30 00:00:00",19202567,0
1hrol9krxp6xqlgyu94a,"2019-09-30 00:00:00",37434578,0
1hrol9krxp6xqlgyu94a,"2019-12-31 00:00:00",0,0
1hrol9krxp6xqlgyu94a,"2020-03-31 00:00:00",42505139,0
1hrol9krxp6xqlgyu94a,"2020-06-30 00:00:00",0,49816499
1hrol9krxp6xqlgyu94a,"2020-09-30 00:00:00",0,0
1hrol9krxp6xqlgyu94a,"2020-12-31 00:00:00",0,25810286
1hrol9krxp6xqlgyu94a,"2021-03-31 00:00:00",0,17441339
1hrol9krxp6xqlgyu94a,"2021-06-30 00:00:00",0,0
1oapg24mclvcqvnze6dk,"2018-12-31 00:00:00",0,0
1oapg24mclvcqvnze6dk,"2019-03-31 00:00:00",31051091,0
1oapg24mclvcqvnze6dk,"2019-06-30 00:00:00",18872549,0
1oapg24mclvcqvnze6dk,"2019-09-30 00:00:00",-950229,232727
1oapg24mclvcqvnze6dk,"2019-12-31 00:00:00",0,0
1oapg24mclvcqvnze6dk,"2020-03-31 00:00:00",0,0
1oapg24mclvcqvnze6dk,"2020-06-30 00:00:00",0,0
1oapg24mclvcqvnze6dk,"2020-09-30 00:00:00",3179166,393062
1oapg24mclvcqvnze6dk,"2020-12-31 00:00:00",0,6653638
1oapg24mclvcqvnze6dk,"2021-03-31 00:00:00",2783463,144490
1oapg24mclvcqvnze6dk,"2021-06-30 00:00:00",0,0
1rmffc6texfebq4n7ra4,"2017-12-31 00:00:00",0,0
1rmffc6texfebq4n7ra4,"2018-03-31 00:00:00",76316757,0
1rmffc6texfebq4n7ra4,"2018-06-30 00:00:00",19721712,0
1rmffc6texfebq4n7ra4,"2018-09-30 00:00:00",0,0
1rmffc6texfebq4n7ra4,"2018-12-31 00:00:00",152015316,4944239
1rmffc6texfebq4n7ra4,"2019-03-31 00:00:00",36393848,0
1rmffc6texfebq4n7ra4,"2019-06-30 00:00:00",8284488,0
1rmffc6texfebq4n7ra4,"2019-09-30 00:00:00",35506729,403
1rmffc6texfebq4n7ra4,"2019-12-31 00:00:00",23808417,0
1rmffc6texfebq4n7ra4,"2020-03-31 00:00:00",0,0
1rmffc6texfebq4n7ra4,"2020-06-30 00:00:00",24915651,0
1rmffc6texfebq4n7ra4,"2020-09-30 00:00:00",20160050,5740886
1rmffc6texfebq4n7ra4,"2020-12-31 00:00:00",64341233,10402337
1rmffc6texfebq4n7ra4,"2021-03-31 00:00:00",1225952,31765048
1rmffc6texfebq4n7ra4,"2021-06-30 00:00:00",97848133,11019848
1ts069ug8kvsp58lpbpm,"2018-06-30 00:00:00",0,0
1ts069ug8kvsp58lpbpm,"2018-09-30 00:00:00",17100000,0
1ts069ug8kvsp58lpbpm,"2018-12-31 00:00:00",7200000,0
1ts069ug8kvsp58lpbpm,"2019-03-31 00:00:00",900000,0
1ts069ug8kvsp58lpbpm,"2019-06-30 00:00:00",9179402,0
1ts069ug8kvsp58lpbpm,"2019-09-30 00:00:00",15050000,0
1ts069ug8kvsp58lpbpm,"2019-12-31 00:00:00",25550000,0
1ts069ug8kvsp58lpbpm,"2020-03-31 00:00:00",2800000,0
1ts069ug8kvsp58lpbpm,"2020-06-30 00:00:00",31850000,0
1ts069ug8kvsp58lpbpm,"2020-09-30 00:00:00",29352733,0
1ts069ug8kvsp58lpbpm,"2020-12-31 00:00:00",26379799,0
1ts069ug8kvsp58lpbpm,"2021-03-31 00:00:00",40432575,1220856
1ts069ug8kvsp58lpbpm,"2021-06-30 00:00:00",23359007,9838008
29uzxs9542lntiz31r0a,"2013-03-31 00:00:00",0,0
29uzxs9542lntiz31r0a,"2013-06-30 00:00:00",20000000,0
29uzxs9542lntiz31r0a,"2013-09-30 00:00:00",20000000,0
29uzxs9542lntiz31r0a,"2013-12-31 00:00:00",80000000,0
29uzxs9542lntiz31r0a,"2014-03-31 00:00:00",48000000,0
29uzxs9542lntiz31r0a,"2014-06-30 00:00:00",64000000,0
29uzxs9542lntiz31r0a,"2014-09-30 00:00:00",48000000,0
29uzxs9542lntiz31r0a,"2014-12-31 00:00:00",20000000,0
29uzxs9542lntiz31r0a,"2015-03-31 00:00:00",40000000,0
29uzxs9542lntiz31r0a,"2015-06-30 00:00:00",20000000,0
29uzxs9542lntiz31r0a,"2015-09-30 00:00:00",0,0
29uzxs9542lntiz31r0a,"2015-12-31 00:00:00",20000000,0
29uzxs9542lntiz31r0a,"2016-03-31 00:00:00",0,0
29uzxs9542lntiz31r0a,"2016-06-30 00:00:00",0,0
29uzxs9542lntiz31r0a,"2016-09-30 00:00:00",0,0
29uzxs9542lntiz31r0a,"2016-12-31 00:00:00",0,0
29uzxs9542lntiz31r0a,"2017-03-31 00:00:00",0,31871299
29uzxs9542lntiz31r0a,"2017-06-30 00:00:00",0,28000000
29uzxs9542lntiz31r0a,"2017-09-30 00:00:00",0,31871299
29uzxs9542lntiz31r0a,"2017-12-31 00:00:00",0,39839124
29uzxs9542lntiz31r0a,"2018-03-31 00:00:00",0,0
29uzxs9542lntiz31r0a,"2018-06-30 00:00:00",0,0
29uzxs9542lntiz31r0a,"2018-09-30 00:00:00",0,0
29uzxs9542lntiz31r0a,"2018-12-31 00:00:00",0,0
29uzxs9542lntiz31r0a,"2019-03-31 00:00:00",0,40000000
29uzxs9542lntiz31r0a,"2019-06-30 00:00:00",0,0
29uzxs9542lntiz31r0a,"2019-09-30 00:00:00",0,0
29uzxs9542lntiz31r0a,"2019-12-31 00:00:00",0,20000000
29uzxs9542lntiz31r0a,"2020-03-31 00:00:00",0,0
29uzxs9542lntiz31r0a,"2020-06-30 00:00:00",0,0
29uzxs9542lntiz31r0a,"2020-09-30 00:00:00",0,11154955
29uzxs9542lntiz31r0a,"2020-12-31 00:00:00",0,0
29uzxs9542lntiz31r0a,"2021-03-31 00:00:00",0,0
29uzxs9542lntiz31r0a,"2021-06-30 00:00:00",0,45967825
2gsdadg826vsvh96yydj,"2014-09-30 00:00:00",0,0
2gsdadg826vsvh96yydj,"2014-12-31 00:00:00",8291372,0
2gsdadg826vsvh96yydj,"2015-03-31 00:00:00",0,0
2gsdadg826vsvh96yydj,"2015-06-30 00:00:00",10608304,0
2gsdadg826vsvh96yydj,"2015-09-30 00:00:00",16436176,0
2gsdadg826vsvh96yydj,"2015-12-31 00:00:00",11381618,360156
2gsdadg826vsvh96yydj,"2016-03-31 00:00:00",0,0
2gsdadg826vsvh96yydj,"2016-06-30 00:00:00",0,0
2gsdadg826vsvh96yydj,"2016-09-30 00:00:00",0,0
2gsdadg826vsvh96yydj,"2016-12-31 00:00:00",3470587,179224
2gsdadg826vsvh96yydj,"2017-03-31 00:00:00",15312860,325239
2gsdadg826vsvh96yydj,"2017-06-30 00:00:00",8977323,0
2gsdadg826vsvh96yydj,"2017-09-30 00:00:00",49081012,17318699
2gsdadg826vsvh96yydj,"2017-12-31 00:00:00",-8118994,20340
2gsdadg826vsvh96yydj,"2018-03-31 00:00:00",0,0
2gsdadg826vsvh96yydj,"2018-06-30 00:00:00",0,0
2gsdadg826vsvh96yydj,"2018-09-30 00:00:00",0,0
2gsdadg826vsvh96yydj,"2018-12-31 00:00:00",5681486,0
2gsdadg826vsvh96yydj,"2019-03-31 00:00:00",0,0
2gsdadg826vsvh96yydj,"2019-06-30 00:00:00",641373,641373
2gsdadg826vsvh96yydj,"2019-09-30 00:00:00",606072,0
2gsdadg826vsvh96yydj,"2019-12-31 00:00:00",1340938,22721234
2gsdadg826vsvh96yydj,"2020-03-31 00:00:00",1074891,51442538
2gsdadg826vsvh96yydj,"2020-06-30 00:00:00",0,0
2gsdadg826vsvh96yydj,"2020-09-30 00:00:00",-5242,0
2gsdadg826vsvh96yydj,"2020-12-31 00:00:00",5475800,16949646
2gsdadg826vsvh96yydj,"2021-03-31 00:00:00",0,0
2gsdadg826vsvh96yydj,"2021-06-30 00:00:00",2353654,28779214
2pf202x8sn2mltpotabw,"2013-12-31 00:00:00",0,0
2pf202x8sn2mltpotabw,"2014-03-31 00:00:00",6073500,0
2pf202x8sn2mltpotabw,"2014-06-30 00:00:00",0,0
2pf202x8sn2mltpotabw,"2014-09-30 00:00:00",5162016,0
2pf202x8sn2mltpotabw,"2014-12-31 00:00:00",16526268,0
2pf202x8sn2mltpotabw,"2015-03-31 00:00:00",0,0
2pf202x8sn2mltpotabw,"2015-06-30 00:00:00",14607377,47697
2pf202x8sn2mltpotabw,"2015-09-30 00:00:00",13089882,54276
2pf202x8sn2mltpotabw,"2015-12-31 00:00:00",12499907,0
2pf202x8sn2mltpotabw,"2016-03-31 00:00:00",0,0
2pf202x8sn2mltpotabw,"2016-06-30 00:00:00",4617482,0
2pf202x8sn2mltpotabw,"2016-09-30 00:00:00",19389335,81541
2pf202x8sn2mltpotabw,"2016-12-31 00:00:00",4172082,11562394
2pf202x8sn2mltpotabw,"2017-03-31 00:00:00",7863418,0
2pf202x8sn2mltpotabw,"2017-06-30 00:00:00",2661876,10848385
2pf202x8sn2mltpotabw,"2017-09-30 00:00:00",1390213,5100517
2pf202x8sn2mltpotabw,"2017-12-31 00:00:00",6850694,19686706
2pf202x8sn2mltpotabw,"2018-03-31 00:00:00",7504618,1366594
2pf202x8sn2mltpotabw,"2018-06-30 00:00:00",2181030,23728601
2pf202x8sn2mltpotabw,"2018-09-30 00:00:00",4421422,452331
2pf202x8sn2mltpotabw,"2018-12-31 00:00:00",0,2158725
2pf202x8sn2mltpotabw,"2019-03-31 00:00:00",2349494,2023491
2pf202x8sn2mltpotabw,"2019-06-30 00:00:00",5169590,282377
2pf202x8sn2mltpotabw,"2019-09-30 00:00:00",0,19068163
2pf202x8sn2mltpotabw,"2019-12-31 00:00:00",3309427,27175014
2pf202x8sn2mltpotabw,"2020-03-31 00:00:00",0,0
2pf202x8sn2mltpotabw,"2020-06-30 00:00:00",0,0
2pf202x8sn2mltpotabw,"2020-09-30 00:00:00",0,0
2pf202x8sn2mltpotabw,"2020-12-31 00:00:00",3225958,22917071
2pf202x8sn2mltpotabw,"2021-03-31 00:00:00",0,0
2pf202x8sn2mltpotabw,"2021-06-30 00:00:00",371601,1733420
395fdc2lufai9sq18foo,"2015-06-30 00:00:00",0,0
395fdc2lufai9sq18foo,"2015-09-30 00:00:00",3625000,24956
395fdc2lufai9sq18foo,"2015-12-31 00:00:00",0,0
395fdc2lufai9sq18foo,"2016-03-31 00:00:00",5000000,22723
395fdc2lufai9sq18foo,"2016-06-30 00:00:00",1500000,0
395fdc2lufai9sq18foo,"2016-09-30 00:00:00",1750000,0
395fdc2lufai9sq18foo,"2016-12-31 00:00:00",8000000,0
395fdc2lufai9sq18foo,"2017-03-31 00:00:00",6125000,0
395fdc2lufai9sq18foo,"2017-06-30 00:00:00",375000,1854099
395fdc2lufai9sq18foo,"2017-09-30 00:00:00",2125000,0
395fdc2lufai9sq18foo,"2017-12-31 00:00:00",1500000,0
395fdc2lufai9sq18foo,"2018-03-31 00:00:00",1750000,5874555
395fdc2lufai9sq18foo,"2018-06-30 00:00:00",0,1749183
395fdc2lufai9sq18foo,"2018-09-30 00:00:00",0,1893409
395fdc2lufai9sq18foo,"2018-12-31 00:00:00",2250000,0
395fdc2lufai9sq18foo,"2019-03-31 00:00:00",0,0
395fdc2lufai9sq18foo,"2019-06-30 00:00:00",2250000,2517890
395fdc2lufai9sq18foo,"2019-09-30 00:00:00",0,0
395fdc2lufai9sq18foo,"2019-12-31 00:00:00",0,0
395fdc2lufai9sq18foo,"2020-03-31 00:00:00",3250000,0
395fdc2lufai9sq18foo,"2020-06-30 00:00:00",0,7908691
395fdc2lufai9sq18foo,"2020-09-30 00:00:00",0,10466708
395fdc2lufai9sq18foo,"2020-12-31 00:00:00",0,4390192
395fdc2lufai9sq18foo,"2021-03-31 00:00:00",9467,12120766
395fdc2lufai9sq18foo,"2021-06-30 00:00:00",0,13097196
3g99z9xas3ihgxua8lt2,"2021-03-31 00:00:00",0,0
3g99z9xas3ihgxua8lt2,"2021-06-30 00:00:00",7500000,0
3oR7442vcPzZmIT7uDur,"2011-09-30 00:00:00",0,0
3oR7442vcPzZmIT7uDur,"2011-12-31 00:00:00",25500000,0
3oR7442vcPzZmIT7uDur,"2012-03-31 00:00:00",21750000,0
3oR7442vcPzZmIT7uDur,"2012-06-30 00:00:00",27749999,0
3oR7442vcPzZmIT7uDur,"2012-09-30 00:00:00",29250000,0
3oR7442vcPzZmIT7uDur,"2012-12-31 00:00:00",44250000,0
3oR7442vcPzZmIT7uDur,"2013-03-31 00:00:00",0,0
3oR7442vcPzZmIT7uDur,"2013-06-30 00:00:00",8250000,0
3oR7442vcPzZmIT7uDur,"2013-09-30 00:00:00",0,0
3oR7442vcPzZmIT7uDur,"2013-12-31 00:00:00",0,10206501
3oR7442vcPzZmIT7uDur,"2014-03-31 00:00:00",39750000,0
3oR7442vcPzZmIT7uDur,"2014-06-30 00:00:00",24042852,19003222
3oR7442vcPzZmIT7uDur,"2014-09-30 00:00:00",3010967,11825670
3oR7442vcPzZmIT7uDur,"2014-12-31 00:00:00",0,2319654
3oR7442vcPzZmIT7uDur,"2015-03-31 00:00:00",0,23789056
3oR7442vcPzZmIT7uDur,"2015-06-30 00:00:00",2250000,56457809
3oR7442vcPzZmIT7uDur,"2015-09-30 00:00:00",196349,39146851
3oR7442vcPzZmIT7uDur,"2015-12-31 00:00:00",4500000,51938129
3oR7442vcPzZmIT7uDur,"2016-03-31 00:00:00",900000,44543452
3oR7442vcPzZmIT7uDur,"2016-06-30 00:00:00",11250000,7755645
3oR7442vcPzZmIT7uDur,"2016-09-30 00:00:00",12000000,0
3oR7442vcPzZmIT7uDur,"2016-12-31 00:00:00",18557269,65856578
3oR7442vcPzZmIT7uDur,"2017-03-31 00:00:00",0,18455108
3oR7442vcPzZmIT7uDur,"2017-06-30 00:00:00",0,36146741
3oR7442vcPzZmIT7uDur,"2017-09-30 00:00:00",0,8645219
3oR7442vcPzZmIT7uDur,"2017-12-31 00:00:00",0,9133739
3oR7442vcPzZmIT7uDur,"2018-03-31 00:00:00",845525,9426027
3oR7442vcPzZmIT7uDur,"2018-06-30 00:00:00",1029736,109362191
3oR7442vcPzZmIT7uDur,"2018-09-30 00:00:00",-439181,29162450
3oR7442vcPzZmIT7uDur,"2018-12-31 00:00:00",991319,11629996
3oR7442vcPzZmIT7uDur,"2019-03-31 00:00:00",0,0
3oR7442vcPzZmIT7uDur,"2019-06-30 00:00:00",0,0
3oR7442vcPzZmIT7uDur,"2019-09-30 00:00:00",0,216440
3oR7442vcPzZmIT7uDur,"2019-12-31 00:00:00",0,0
3oR7442vcPzZmIT7uDur,"2020-03-31 00:00:00",3078823,42595719
3oR7442vcPzZmIT7uDur,"2020-06-30 00:00:00",0,0
3oR7442vcPzZmIT7uDur,"2020-09-30 00:00:00",0,0
3oR7442vcPzZmIT7uDur,"2020-12-31 00:00:00",0,0
3oR7442vcPzZmIT7uDur,"2021-03-31 00:00:00",0,0
3oR7442vcPzZmIT7uDur,"2021-06-30 00:00:00",0,0
3ypqxny1e4rkjsdta2bc,"2018-06-30 00:00:00",0,0
3ypqxny1e4rkjsdta2bc,"2018-09-30 00:00:00",29000000,0
3ypqxny1e4rkjsdta2bc,"2018-12-31 00:00:00",0,0
3ypqxny1e4rkjsdta2bc,"2019-03-31 00:00:00",2500000,0
3ypqxny1e4rkjsdta2bc,"2019-06-30 00:00:00",43000000,0
3ypqxny1e4rkjsdta2bc,"2019-09-30 00:00:00",0,0
3ypqxny1e4rkjsdta2bc,"2019-12-31 00:00:00",0,0
3ypqxny1e4rkjsdta2bc,"2020-03-31 00:00:00",1500000,0
3ypqxny1e4rkjsdta2bc,"2020-06-30 00:00:00",0,0
3ypqxny1e4rkjsdta2bc,"2020-09-30 00:00:00",38000000,0
3ypqxny1e4rkjsdta2bc,"2020-12-31 00:00:00",17000000,0
3ypqxny1e4rkjsdta2bc,"2021-03-31 00:00:00",22500000,0
3ypqxny1e4rkjsdta2bc,"2021-06-30 00:00:00",0,0
43imq1xnyo7ntl4rkfdm,"2019-12-31 00:00:00",0,0
43imq1xnyo7ntl4rkfdm,"2020-03-31 00:00:00",36427,0
43imq1xnyo7ntl4rkfdm,"2020-06-30 00:00:00",0,0
43imq1xnyo7ntl4rkfdm,"2020-09-30 00:00:00",36427,0
43imq1xnyo7ntl4rkfdm,"2020-12-31 00:00:00",36427,0
43imq1xnyo7ntl4rkfdm,"2021-03-31 00:00:00",36427,0
43imq1xnyo7ntl4rkfdm,"2021-06-30 00:00:00",38778,3210159
4olnlu69vcgucqzfo0tl,"2013-12-31 00:00:00",0,0
4olnlu69vcgucqzfo0tl,"2014-03-31 00:00:00",24907785,2139615
4olnlu69vcgucqzfo0tl,"2014-06-30 00:00:00",10786492,0
4olnlu69vcgucqzfo0tl,"2014-09-30 00:00:00",8990669,8840084
4olnlu69vcgucqzfo0tl,"2014-12-31 00:00:00",664930,2104028
4olnlu69vcgucqzfo0tl,"2015-03-31 00:00:00",14355347,7197274
4olnlu69vcgucqzfo0tl,"2015-06-30 00:00:00",0,9953974
4olnlu69vcgucqzfo0tl,"2015-09-30 00:00:00",16045697,0
4olnlu69vcgucqzfo0tl,"2015-12-31 00:00:00",12485709,4019438
4olnlu69vcgucqzfo0tl,"2016-03-31 00:00:00",8477490,1888898
4olnlu69vcgucqzfo0tl,"2016-06-30 00:00:00",5448161,18021391
4olnlu69vcgucqzfo0tl,"2016-09-30 00:00:00",28167508,8733291
4olnlu69vcgucqzfo0tl,"2016-12-31 00:00:00",26668356,19768015
4olnlu69vcgucqzfo0tl,"2017-03-31 00:00:00",18260483,3398280
4olnlu69vcgucqzfo0tl,"2017-06-30 00:00:00",6538450,5315930
4olnlu69vcgucqzfo0tl,"2017-09-30 00:00:00",7681444,15747020
4olnlu69vcgucqzfo0tl,"2017-12-31 00:00:00",178633,14692523
4olnlu69vcgucqzfo0tl,"2018-03-31 00:00:00",0,4686867
4olnlu69vcgucqzfo0tl,"2018-06-30 00:00:00",0,32756802
4olnlu69vcgucqzfo0tl,"2018-09-30 00:00:00",854039,23650086
4olnlu69vcgucqzfo0tl,"2018-12-31 00:00:00",131082,17449503
4olnlu69vcgucqzfo0tl,"2019-03-31 00:00:00",456525,31973603
4olnlu69vcgucqzfo0tl,"2019-06-30 00:00:00",3920108,9061444
4olnlu69vcgucqzfo0tl,"2019-09-30 00:00:00",4386491,15488419
4olnlu69vcgucqzfo0tl,"2019-12-31 00:00:00",0,278192
4olnlu69vcgucqzfo0tl,"2020-03-31 00:00:00",1179,25250129
4olnlu69vcgucqzfo0tl,"2020-06-30 00:00:00",0,6934103
4olnlu69vcgucqzfo0tl,"2020-09-30 00:00:00",917303,14280388
4olnlu69vcgucqzfo0tl,"2020-12-31 00:00:00",3811856,20866651
4olnlu69vcgucqzfo0tl,"2021-03-31 00:00:00",95472,4927329
4olnlu69vcgucqzfo0tl,"2021-06-30 00:00:00",107647,50023887
4qtjvohm53x1w1q8ulaw,"2017-12-31 00:00:00",0,0
4qtjvohm53x1w1q8ulaw,"2018-03-31 00:00:00",10000000,0
4qtjvohm53x1w1q8ulaw,"2018-06-30 00:00:00",15000000,0
4qtjvohm53x1w1q8ulaw,"2018-09-30 00:00:00",5000000,0
4qtjvohm53x1w1q8ulaw,"2018-12-31 00:00:00",5000000,0
4qtjvohm53x1w1q8ulaw,"2019-03-31 00:00:00",5000000,0
4qtjvohm53x1w1q8ulaw,"2019-06-30 00:00:00",5000000,0
4qtjvohm53x1w1q8ulaw,"2019-09-30 00:00:00",5000000,0
4qtjvohm53x1w1q8ulaw,"2019-12-31 00:00:00",5000000,12909455
4qtjvohm53x1w1q8ulaw,"2020-03-31 00:00:00",15000000,0
4qtjvohm53x1w1q8ulaw,"2020-06-30 00:00:00",5000000,5550897
4qtjvohm53x1w1q8ulaw,"2020-09-30 00:00:00",0,5509474
4qtjvohm53x1w1q8ulaw,"2020-12-31 00:00:00",10000000,6843424
4qtjvohm53x1w1q8ulaw,"2021-03-31 00:00:00",5000000,0
4qtjvohm53x1w1q8ulaw,"2021-06-30 00:00:00",0,0
4sipy3ra3bz0w8v3uv5p,"2013-12-31 00:00:00",0,0
4sipy3ra3bz0w8v3uv5p,"2014-03-31 00:00:00",5000000,0
4sipy3ra3bz0w8v3uv5p,"2014-06-30 00:00:00",3000000,0
4sipy3ra3bz0w8v3uv5p,"2014-09-30 00:00:00",0,0
4sipy3ra3bz0w8v3uv5p,"2014-12-31 00:00:00",6000000,0
4sipy3ra3bz0w8v3uv5p,"2015-03-31 00:00:00",24130510,0
4sipy3ra3bz0w8v3uv5p,"2015-06-30 00:00:00",5199982,0
4sipy3ra3bz0w8v3uv5p,"2015-09-30 00:00:00",5500000,1117639
4sipy3ra3bz0w8v3uv5p,"2015-12-31 00:00:00",8120490,671834
4sipy3ra3bz0w8v3uv5p,"2016-03-31 00:00:00",2637610,532654
4sipy3ra3bz0w8v3uv5p,"2016-06-30 00:00:00",20263305,7225908
4sipy3ra3bz0w8v3uv5p,"2016-09-30 00:00:00",10619746,941462
4sipy3ra3bz0w8v3uv5p,"2016-12-31 00:00:00",5187852,4017024
4sipy3ra3bz0w8v3uv5p,"2017-03-31 00:00:00",12676378,1085087
4sipy3ra3bz0w8v3uv5p,"2017-06-30 00:00:00",358160,10381791
4sipy3ra3bz0w8v3uv5p,"2017-09-30 00:00:00",29637,2734791
4sipy3ra3bz0w8v3uv5p,"2017-12-31 00:00:00",9797413,19059037
4sipy3ra3bz0w8v3uv5p,"2018-03-31 00:00:00",14961113,4451701
4sipy3ra3bz0w8v3uv5p,"2018-06-30 00:00:00",17000000,1932576
4sipy3ra3bz0w8v3uv5p,"2018-09-30 00:00:00",394603,1474524
4sipy3ra3bz0w8v3uv5p,"2018-12-31 00:00:00",7535532,15488570
4sipy3ra3bz0w8v3uv5p,"2019-03-31 00:00:00",0,0
4sipy3ra3bz0w8v3uv5p,"2019-06-30 00:00:00",0,1650000
4sipy3ra3bz0w8v3uv5p,"2019-09-30 00:00:00",0,3079802
4sipy3ra3bz0w8v3uv5p,"2019-12-31 00:00:00",7000000,3403035
4sipy3ra3bz0w8v3uv5p,"2020-03-31 00:00:00",4891188,7654070
4sipy3ra3bz0w8v3uv5p,"2020-06-30 00:00:00",0,0
4sipy3ra3bz0w8v3uv5p,"2020-09-30 00:00:00",-1958,10989656
4sipy3ra3bz0w8v3uv5p,"2020-12-31 00:00:00",0,0
4sipy3ra3bz0w8v3uv5p,"2021-03-31 00:00:00",1056823,2449735
4sipy3ra3bz0w8v3uv5p,"2021-06-30 00:00:00",4386389,4386388
51ikvek9d9bwscyt82qb,"2013-12-31 00:00:00",0,0
51ikvek9d9bwscyt82qb,"2014-03-31 00:00:00",-19179036,536486
51ikvek9d9bwscyt82qb,"2014-06-30 00:00:00",1649189,165206
51ikvek9d9bwscyt82qb,"2014-09-30 00:00:00",90230714,5511056
51ikvek9d9bwscyt82qb,"2014-12-31 00:00:00",25017599,351197
51ikvek9d9bwscyt82qb,"2015-03-31 00:00:00",3624278,136950
51ikvek9d9bwscyt82qb,"2015-06-30 00:00:00",37734561,128683
51ikvek9d9bwscyt82qb,"2015-09-30 00:00:00",6238823,131935
51ikvek9d9bwscyt82qb,"2015-12-31 00:00:00",0,137634
51ikvek9d9bwscyt82qb,"2016-03-31 00:00:00",1291857,128973
51ikvek9d9bwscyt82qb,"2016-06-30 00:00:00",10795869,135551
51ikvek9d9bwscyt82qb,"2016-09-30 00:00:00",3203179,133860
51ikvek9d9bwscyt82qb,"2016-12-31 00:00:00",0,132976
51ikvek9d9bwscyt82qb,"2017-03-31 00:00:00",19760272,126582
51ikvek9d9bwscyt82qb,"2017-06-30 00:00:00",20252066,128203
51ikvek9d9bwscyt82qb,"2017-09-30 00:00:00",0,0
51ikvek9d9bwscyt82qb,"2017-12-31 00:00:00",35535680,125535005
51ikvek9d9bwscyt82qb,"2018-03-31 00:00:00",107081626,146211
51ikvek9d9bwscyt82qb,"2018-06-30 00:00:00",4945838,0
51ikvek9d9bwscyt82qb,"2018-09-30 00:00:00",0,0
51ikvek9d9bwscyt82qb,"2018-12-31 00:00:00",11178490,117089081
51ikvek9d9bwscyt82qb,"2019-03-31 00:00:00",0,0
51ikvek9d9bwscyt82qb,"2019-06-30 00:00:00",0,2983029
51ikvek9d9bwscyt82qb,"2019-09-30 00:00:00",3789962,3789962
51ikvek9d9bwscyt82qb,"2019-12-31 00:00:00",0,0
51ikvek9d9bwscyt82qb,"2020-03-31 00:00:00",10771019,56797978
51ikvek9d9bwscyt82qb,"2020-06-30 00:00:00",0,0
51ikvek9d9bwscyt82qb,"2020-09-30 00:00:00",20005837,0
51ikvek9d9bwscyt82qb,"2020-12-31 00:00:00",7794854,65265943
51ikvek9d9bwscyt82qb,"2021-03-31 00:00:00",4367124,43340011
51ikvek9d9bwscyt82qb,"2021-06-30 00:00:00",18220892,42509389
5rbd4w103vpkxcslbr9j,"2021-03-31 00:00:00",0,0
5rbd4w103vpkxcslbr9j,"2021-06-30 00:00:00",48475922,820701
68vup4so9c5i7vahgcbh,"2016-12-31 00:00:00",0,0
68vup4so9c5i7vahgcbh,"2017-03-31 00:00:00",45615327,0
68vup4so9c5i7vahgcbh,"2017-06-30 00:00:00",0,0
68vup4so9c5i7vahgcbh,"2017-09-30 00:00:00",-937020,0
68vup4so9c5i7vahgcbh,"2017-12-31 00:00:00",8080941,0
68vup4so9c5i7vahgcbh,"2018-03-31 00:00:00",0,0
68vup4so9c5i7vahgcbh,"2018-06-30 00:00:00",12724425,0
68vup4so9c5i7vahgcbh,"2018-09-30 00:00:00",17521647,0
68vup4so9c5i7vahgcbh,"2018-12-31 00:00:00",2874252,9401442
68vup4so9c5i7vahgcbh,"2019-03-31 00:00:00",5301737,6478000
68vup4so9c5i7vahgcbh,"2019-06-30 00:00:00",0,0
68vup4so9c5i7vahgcbh,"2019-09-30 00:00:00",0,0
68vup4so9c5i7vahgcbh,"2019-12-31 00:00:00",0,0
68vup4so9c5i7vahgcbh,"2020-03-31 00:00:00",0,0
68vup4so9c5i7vahgcbh,"2020-06-30 00:00:00",7119036,0
68vup4so9c5i7vahgcbh,"2020-09-30 00:00:00",0,0
68vup4so9c5i7vahgcbh,"2020-12-31 00:00:00",0,0
68vup4so9c5i7vahgcbh,"2021-03-31 00:00:00",0,0
68vup4so9c5i7vahgcbh,"2021-06-30 00:00:00",0,0
691xyr4p729az9ss34ja,"2014-06-30 00:00:00",0,0
691xyr4p729az9ss34ja,"2014-09-30 00:00:00",34618810,0
691xyr4p729az9ss34ja,"2014-12-31 00:00:00",10303488,22604
691xyr4p729az9ss34ja,"2015-03-31 00:00:00",8418400,0
691xyr4p729az9ss34ja,"2015-06-30 00:00:00",72032000,4392556
691xyr4p729az9ss34ja,"2015-09-30 00:00:00",27082752,0
691xyr4p729az9ss34ja,"2015-12-31 00:00:00",13534720,0
691xyr4p729az9ss34ja,"2016-03-31 00:00:00",0,0
691xyr4p729az9ss34ja,"2016-06-30 00:00:00",31036032,0
691xyr4p729az9ss34ja,"2016-09-30 00:00:00",26158528,0
691xyr4p729az9ss34ja,"2016-12-31 00:00:00",17030048,0
691xyr4p729az9ss34ja,"2017-03-31 00:00:00",85760,0
691xyr4p729az9ss34ja,"2017-06-30 00:00:00",10001152,0
691xyr4p729az9ss34ja,"2017-09-30 00:00:00",10738560,0
691xyr4p729az9ss34ja,"2017-12-31 00:00:00",0,7608546
691xyr4p729az9ss34ja,"2018-03-31 00:00:00",4240795,59744078
691xyr4p729az9ss34ja,"2018-06-30 00:00:00",0,53974675
691xyr4p729az9ss34ja,"2018-09-30 00:00:00",915518,24362172
691xyr4p729az9ss34ja,"2018-12-31 00:00:00",0,0
691xyr4p729az9ss34ja,"2019-03-31 00:00:00",0,29886502
691xyr4p729az9ss34ja,"2019-06-30 00:00:00",4913040,0
691xyr4p729az9ss34ja,"2019-09-30 00:00:00",3925225,100608664
691xyr4p729az9ss34ja,"2019-12-31 00:00:00",0,2482282
691xyr4p729az9ss34ja,"2020-03-31 00:00:00",0,60464803
691xyr4p729az9ss34ja,"2020-06-30 00:00:00",2072993,119375004
691xyr4p729az9ss34ja,"2020-09-30 00:00:00",0,0
691xyr4p729az9ss34ja,"2020-12-31 00:00:00",15619873,46831840
691xyr4p729az9ss34ja,"2021-03-31 00:00:00",-3955490,100825471
691xyr4p729az9ss34ja,"2021-06-30 00:00:00",0,4273044
6be2acskb2kfvz2lebnk,"2014-09-30 00:00:00",0,0
6be2acskb2kfvz2lebnk,"2014-12-31 00:00:00",0,0
6be2acskb2kfvz2lebnk,"2015-03-31 00:00:00",28000000,0
6be2acskb2kfvz2lebnk,"2015-06-30 00:00:00",30625000,0
6be2acskb2kfvz2lebnk,"2015-09-30 00:00:00",8750000,0
6be2acskb2kfvz2lebnk,"2015-12-31 00:00:00",1750000,4731684
6be2acskb2kfvz2lebnk,"2016-03-31 00:00:00",14000000,0
6be2acskb2kfvz2lebnk,"2016-06-30 00:00:00",36750000,0
6be2acskb2kfvz2lebnk,"2016-09-30 00:00:00",11375000,0
6be2acskb2kfvz2lebnk,"2016-12-31 00:00:00",25375000,11588942
6be2acskb2kfvz2lebnk,"2017-03-31 00:00:00",14875000,35367943
6be2acskb2kfvz2lebnk,"2017-06-30 00:00:00",14875000,0
6be2acskb2kfvz2lebnk,"2017-09-30 00:00:00",63146008,13314092
6be2acskb2kfvz2lebnk,"2017-12-31 00:00:00",24500000,6769905
6be2acskb2kfvz2lebnk,"2018-03-31 00:00:00",0,16607405
6be2acskb2kfvz2lebnk,"2018-06-30 00:00:00",1641573,58974826
6be2acskb2kfvz2lebnk,"2018-09-30 00:00:00",2056598,7503729
6be2acskb2kfvz2lebnk,"2018-12-31 00:00:00",7000000,50149159
6be2acskb2kfvz2lebnk,"2019-03-31 00:00:00",0,0
6be2acskb2kfvz2lebnk,"2019-06-30 00:00:00",2625000,10060428
6be2acskb2kfvz2lebnk,"2019-09-30 00:00:00",0,25846995
6be2acskb2kfvz2lebnk,"2019-12-31 00:00:00",5250000,9491585
6be2acskb2kfvz2lebnk,"2020-03-31 00:00:00",0,48279692
6be2acskb2kfvz2lebnk,"2020-06-30 00:00:00",0,0
6be2acskb2kfvz2lebnk,"2020-09-30 00:00:00",6204395,88899236
6be2acskb2kfvz2lebnk,"2020-12-31 00:00:00",12035685,133034319
6be2acskb2kfvz2lebnk,"2021-03-31 00:00:00",17387,24941010
6be2acskb2kfvz2lebnk,"2021-06-30 00:00:00",0,53742481
6hjkr520gpckojyg2hxx,"2016-09-30 00:00:00",0,0
6hjkr520gpckojyg2hxx,"2016-12-31 00:00:00",646438,0
6hjkr520gpckojyg2hxx,"2017-03-31 00:00:00",19761963,126032
6hjkr520gpckojyg2hxx,"2017-06-30 00:00:00",631353,0
6hjkr520gpckojyg2hxx,"2017-09-30 00:00:00",2939924,0
6hjkr520gpckojyg2hxx,"2017-12-31 00:00:00",11438192,0
6hjkr520gpckojyg2hxx,"2018-03-31 00:00:00",12250963,0
6hjkr520gpckojyg2hxx,"2018-06-30 00:00:00",16379470,-7612
6hjkr520gpckojyg2hxx,"2018-09-30 00:00:00",749838,0
6hjkr520gpckojyg2hxx,"2018-12-31 00:00:00",5540268,0
6hjkr520gpckojyg2hxx,"2019-03-31 00:00:00",9803142,0
6hjkr520gpckojyg2hxx,"2019-06-30 00:00:00",688490,0
6hjkr520gpckojyg2hxx,"2019-09-30 00:00:00",6153497,3260066
6hjkr520gpckojyg2hxx,"2019-12-31 00:00:00",18485600,29855867
6hjkr520gpckojyg2hxx,"2020-03-31 00:00:00",0,0
6hjkr520gpckojyg2hxx,"2020-06-30 00:00:00",21666696,0
6hjkr520gpckojyg2hxx,"2020-09-30 00:00:00",0,0
6hjkr520gpckojyg2hxx,"2020-12-31 00:00:00",28480941,8389453
6hjkr520gpckojyg2hxx,"2021-03-31 00:00:00",0,15971042
6hjkr520gpckojyg2hxx,"2021-06-30 00:00:00",4802692,8105998
6qwuxaenhssrxkse5zms,"2018-06-30 00:00:00",0,0
6qwuxaenhssrxkse5zms,"2018-09-30 00:00:00",0,0
6qwuxaenhssrxkse5zms,"2018-12-31 00:00:00",7282272,0
6qwuxaenhssrxkse5zms,"2019-03-31 00:00:00",8845455,0
6qwuxaenhssrxkse5zms,"2019-06-30 00:00:00",7489091,0
6qwuxaenhssrxkse5zms,"2019-09-30 00:00:00",7134545,0
6qwuxaenhssrxkse5zms,"2019-12-31 00:00:00",10701818,0
6qwuxaenhssrxkse5zms,"2020-03-31 00:00:00",9294546,0
6qwuxaenhssrxkse5zms,"2020-06-30 00:00:00",6528182,0
6qwuxaenhssrxkse5zms,"2020-09-30 00:00:00",0,0
6qwuxaenhssrxkse5zms,"2020-12-31 00:00:00",12038182,0
6qwuxaenhssrxkse5zms,"2021-03-31 00:00:00",12038181,0
6qwuxaenhssrxkse5zms,"2021-06-30 00:00:00",12038182,0
6yrwwtyudjwmijqnmflw,"2014-09-30 00:00:00",0,0
6yrwwtyudjwmijqnmflw,"2014-12-31 00:00:00",410957,0
6yrwwtyudjwmijqnmflw,"2015-03-31 00:00:00",0,919418
6yrwwtyudjwmijqnmflw,"2015-06-30 00:00:00",0,0
6yrwwtyudjwmijqnmflw,"2015-09-30 00:00:00",0,0
6yrwwtyudjwmijqnmflw,"2015-12-31 00:00:00",18742871,0
6yrwwtyudjwmijqnmflw,"2016-03-31 00:00:00",0,1397877
6yrwwtyudjwmijqnmflw,"2016-06-30 00:00:00",6057018,17546331
6yrwwtyudjwmijqnmflw,"2016-09-30 00:00:00",3524048,735416
6yrwwtyudjwmijqnmflw,"2016-12-31 00:00:00",6929101,872125
6yrwwtyudjwmijqnmflw,"2017-03-31 00:00:00",4166804,6892719
6yrwwtyudjwmijqnmflw,"2017-06-30 00:00:00",-576064,400897
6yrwwtyudjwmijqnmflw,"2017-09-30 00:00:00",17154083,0
6yrwwtyudjwmijqnmflw,"2017-12-31 00:00:00",12322268,6554402
6yrwwtyudjwmijqnmflw,"2018-03-31 00:00:00",9339731,0
6yrwwtyudjwmijqnmflw,"2018-06-30 00:00:00",17750693,0
6yrwwtyudjwmijqnmflw,"2018-09-30 00:00:00",0,132108
6yrwwtyudjwmijqnmflw,"2018-12-31 00:00:00",4160387,1084053
6yrwwtyudjwmijqnmflw,"2019-03-31 00:00:00",622927,8853275
6yrwwtyudjwmijqnmflw,"2019-06-30 00:00:00",29489507,1384871
6yrwwtyudjwmijqnmflw,"2019-09-30 00:00:00",-1426,3271942
6yrwwtyudjwmijqnmflw,"2019-12-31 00:00:00",4556294,3366188
6yrwwtyudjwmijqnmflw,"2020-03-31 00:00:00",0,0
6yrwwtyudjwmijqnmflw,"2020-06-30 00:00:00",2342006,4674931
6yrwwtyudjwmijqnmflw,"2020-09-30 00:00:00",4540074,10541182
6yrwwtyudjwmijqnmflw,"2020-12-31 00:00:00",0,0
6yrwwtyudjwmijqnmflw,"2021-03-31 00:00:00",-46627,3280266
6yrwwtyudjwmijqnmflw,"2021-06-30 00:00:00",1013032,10870442
74zunwecm8gj770d6vj9,"2019-03-31 00:00:00",0,0
74zunwecm8gj770d6vj9,"2019-06-30 00:00:00",10000000,0
74zunwecm8gj770d6vj9,"2019-09-30 00:00:00",6000000,0
74zunwecm8gj770d6vj9,"2019-12-31 00:00:00",8000000,0
74zunwecm8gj770d6vj9,"2020-03-31 00:00:00",17964769,0
74zunwecm8gj770d6vj9,"2020-06-30 00:00:00",0,0
74zunwecm8gj770d6vj9,"2020-09-30 00:00:00",12000000,0
74zunwecm8gj770d6vj9,"2020-12-31 00:00:00",27153500,0
74zunwecm8gj770d6vj9,"2021-03-31 00:00:00",18776046,10255557
74zunwecm8gj770d6vj9,"2021-06-30 00:00:00",40000000,0
7jkptwnj2s3f3gxm7s0g,"2017-06-30 00:00:00",0,0
7jkptwnj2s3f3gxm7s0g,"2017-09-30 00:00:00",53422500,0
7jkptwnj2s3f3gxm7s0g,"2017-12-31 00:00:00",53842500,0
7jkptwnj2s3f3gxm7s0g,"2018-03-31 00:00:00",139592500,0
7jkptwnj2s3f3gxm7s0g,"2018-06-30 00:00:00",177817887,38
7jkptwnj2s3f3gxm7s0g,"2018-09-30 00:00:00",32952500,14
7jkptwnj2s3f3gxm7s0g,"2018-12-31 00:00:00",54460421,8
7jkptwnj2s3f3gxm7s0g,"2019-03-31 00:00:00",62592500,788625
7jkptwnj2s3f3gxm7s0g,"2019-06-30 00:00:00",81635816,0
7jkptwnj2s3f3gxm7s0g,"2019-09-30 00:00:00",834659,0
7jkptwnj2s3f3gxm7s0g,"2019-12-31 00:00:00",907926,1931957
7jkptwnj2s3f3gxm7s0g,"2020-03-31 00:00:00",834774,1007807
7jkptwnj2s3f3gxm7s0g,"2020-06-30 00:00:00",2234874,0
7jkptwnj2s3f3gxm7s0g,"2020-09-30 00:00:00",5527734,0
7jkptwnj2s3f3gxm7s0g,"2020-12-31 00:00:00",9594089,918167
7jkptwnj2s3f3gxm7s0g,"2021-03-31 00:00:00",855467,0
7jkptwnj2s3f3gxm7s0g,"2021-06-30 00:00:00",11643852,183669933
8drnxekyq0lf26i5agfm,"2015-12-31 00:00:00",0,0
8drnxekyq0lf26i5agfm,"2016-03-31 00:00:00",15050000,700000
8drnxekyq0lf26i5agfm,"2016-06-30 00:00:00",23100000,700000
8drnxekyq0lf26i5agfm,"2016-09-30 00:00:00",29050000,700000
8drnxekyq0lf26i5agfm,"2016-12-31 00:00:00",47600000,700000
8drnxekyq0lf26i5agfm,"2017-03-31 00:00:00",41650000,700000
8drnxekyq0lf26i5agfm,"2017-06-30 00:00:00",55363507,2653507
8drnxekyq0lf26i5agfm,"2017-09-30 00:00:00",80850000,700000
8drnxekyq0lf26i5agfm,"2017-12-31 00:00:00",35736134,4236134
8drnxekyq0lf26i5agfm,"2018-03-31 00:00:00",33600000,700000
8drnxekyq0lf26i5agfm,"2018-06-30 00:00:00",291889,5891889
8drnxekyq0lf26i5agfm,"2018-09-30 00:00:00",87150000,5610500
8drnxekyq0lf26i5agfm,"2018-12-31 00:00:00",35065609,8961209
8drnxekyq0lf26i5agfm,"2019-03-31 00:00:00",14350000,7749198
8drnxekyq0lf26i5agfm,"2019-06-30 00:00:00",37800000,354600
8drnxekyq0lf26i5agfm,"2019-09-30 00:00:00",84000000,24869659
8drnxekyq0lf26i5agfm,"2019-12-31 00:00:00",27300000,11259448
8drnxekyq0lf26i5agfm,"2020-03-31 00:00:00",14000000,424458
8drnxekyq0lf26i5agfm,"2020-06-30 00:00:00",0,16297462
8drnxekyq0lf26i5agfm,"2020-09-30 00:00:00",7000000,420119
8drnxekyq0lf26i5agfm,"2020-12-31 00:00:00",11200000,61385220
8drnxekyq0lf26i5agfm,"2021-03-31 00:00:00",0,73828571
8drnxekyq0lf26i5agfm,"2021-06-30 00:00:00",0,34906606
8i7soxt6xsxjkcvkw1er,"2015-03-31 00:00:00",0,0
8i7soxt6xsxjkcvkw1er,"2015-06-30 00:00:00",15600335,4404474
8i7soxt6xsxjkcvkw1er,"2015-09-30 00:00:00",16869065,258252
8i7soxt6xsxjkcvkw1er,"2015-12-31 00:00:00",0,0
8i7soxt6xsxjkcvkw1er,"2016-03-31 00:00:00",0,0
8i7soxt6xsxjkcvkw1er,"2016-06-30 00:00:00",1102635,0
8i7soxt6xsxjkcvkw1er,"2016-09-30 00:00:00",0,0
8i7soxt6xsxjkcvkw1er,"2016-12-31 00:00:00",27929090,742304
8i7soxt6xsxjkcvkw1er,"2017-03-31 00:00:00",0,0
8i7soxt6xsxjkcvkw1er,"2017-06-30 00:00:00",0,0
8i7soxt6xsxjkcvkw1er,"2017-09-30 00:00:00",0,9384336
8i7soxt6xsxjkcvkw1er,"2017-12-31 00:00:00",38651043,0
8i7soxt6xsxjkcvkw1er,"2018-03-31 00:00:00",6075614,223438
8i7soxt6xsxjkcvkw1er,"2018-06-30 00:00:00",2576142,9230995
8i7soxt6xsxjkcvkw1er,"2018-09-30 00:00:00",17006546,1672237
8i7soxt6xsxjkcvkw1er,"2018-12-31 00:00:00",20459207,174222
8i7soxt6xsxjkcvkw1er,"2019-03-31 00:00:00",0,0
8i7soxt6xsxjkcvkw1er,"2019-06-30 00:00:00",12121968,348659
8i7soxt6xsxjkcvkw1er,"2019-09-30 00:00:00",18752434,5528804
8i7soxt6xsxjkcvkw1er,"2019-12-31 00:00:00",1111777,65930175
8i7soxt6xsxjkcvkw1er,"2020-03-31 00:00:00",6488198,74756773
8i7soxt6xsxjkcvkw1er,"2020-06-30 00:00:00",0,0
8i7soxt6xsxjkcvkw1er,"2020-09-30 00:00:00",7509681,640967
8i7soxt6xsxjkcvkw1er,"2020-12-31 00:00:00",0,8631626
8i7soxt6xsxjkcvkw1er,"2021-03-31 00:00:00",494599,9461590
8i7soxt6xsxjkcvkw1er,"2021-06-30 00:00:00",614173,8206738
8LvT2uNVkxtpONTj8zYN,"2011-09-30 00:00:00",0,0
8LvT2uNVkxtpONTj8zYN,"2011-12-31 00:00:00",46890039,0
8LvT2uNVkxtpONTj8zYN,"2012-03-31 00:00:00",772238,0
8LvT2uNVkxtpONTj8zYN,"2012-06-30 00:00:00",2921445,0
8LvT2uNVkxtpONTj8zYN,"2012-09-30 00:00:00",31864657,0
8LvT2uNVkxtpONTj8zYN,"2012-12-31 00:00:00",-1785658,11110041
8LvT2uNVkxtpONTj8zYN,"2013-03-31 00:00:00",1465182,0
8LvT2uNVkxtpONTj8zYN,"2013-06-30 00:00:00",3217321,0
8LvT2uNVkxtpONTj8zYN,"2013-09-30 00:00:00",7759412,7975249
8LvT2uNVkxtpONTj8zYN,"2013-12-31 00:00:00",38758638,0
8LvT2uNVkxtpONTj8zYN,"2014-03-31 00:00:00",66897744,0
8LvT2uNVkxtpONTj8zYN,"2014-06-30 00:00:00",19793986,0
8LvT2uNVkxtpONTj8zYN,"2014-09-30 00:00:00",1436768,18902329
8LvT2uNVkxtpONTj8zYN,"2014-12-31 00:00:00",32666882,243439
8LvT2uNVkxtpONTj8zYN,"2015-03-31 00:00:00",1488703,195010
8LvT2uNVkxtpONTj8zYN,"2015-06-30 00:00:00",3808583,54851087
8LvT2uNVkxtpONTj8zYN,"2015-09-30 00:00:00",1468060,7289692
8LvT2uNVkxtpONTj8zYN,"2015-12-31 00:00:00",29328380,21662387
8LvT2uNVkxtpONTj8zYN,"2016-03-31 00:00:00",50307065,990865
8LvT2uNVkxtpONTj8zYN,"2016-06-30 00:00:00",2010843,9585802
8LvT2uNVkxtpONTj8zYN,"2016-09-30 00:00:00",286838,3729832
8LvT2uNVkxtpONTj8zYN,"2016-12-31 00:00:00",0,31616027
8LvT2uNVkxtpONTj8zYN,"2017-03-31 00:00:00",444325,0
8LvT2uNVkxtpONTj8zYN,"2017-06-30 00:00:00",940868,8307273
8LvT2uNVkxtpONTj8zYN,"2017-09-30 00:00:00",409416,22685976
8LvT2uNVkxtpONTj8zYN,"2017-12-31 00:00:00",0,112240540
8LvT2uNVkxtpONTj8zYN,"2018-03-31 00:00:00",530305,25455385
8LvT2uNVkxtpONTj8zYN,"2018-06-30 00:00:00",221514,30321409
8LvT2uNVkxtpONTj8zYN,"2018-09-30 00:00:00",241140,828885
8LvT2uNVkxtpONTj8zYN,"2018-12-31 00:00:00",0,48171571
8LvT2uNVkxtpONTj8zYN,"2019-03-31 00:00:00",168201,34964047
8LvT2uNVkxtpONTj8zYN,"2019-06-30 00:00:00",399156,35857291
8LvT2uNVkxtpONTj8zYN,"2019-09-30 00:00:00",171586,908728
8LvT2uNVkxtpONTj8zYN,"2019-12-31 00:00:00",0,25322043
8LvT2uNVkxtpONTj8zYN,"2020-03-31 00:00:00",165057,20373827
8LvT2uNVkxtpONTj8zYN,"2020-06-30 00:00:00",298978,38474557
8LvT2uNVkxtpONTj8zYN,"2020-09-30 00:00:00",142460,86484117
8LvT2uNVkxtpONTj8zYN,"2020-12-31 00:00:00",0,299514395
8LvT2uNVkxtpONTj8zYN,"2021-03-31 00:00:00",103018,76390060
8LvT2uNVkxtpONTj8zYN,"2021-06-30 00:00:00",49119,30010208
8qz3wym0x0wksprlogl3,"2019-06-30 00:00:00",0,0
8qz3wym0x0wksprlogl3,"2019-09-30 00:00:00",3462000,0
8qz3wym0x0wksprlogl3,"2019-12-31 00:00:00",42453751,0
8qz3wym0x0wksprlogl3,"2020-03-31 00:00:00",40090167,0
8qz3wym0x0wksprlogl3,"2020-06-30 00:00:00",61164523,9573979
8qz3wym0x0wksprlogl3,"2020-09-30 00:00:00",0,0
8qz3wym0x0wksprlogl3,"2020-12-31 00:00:00",47486893,0
8qz3wym0x0wksprlogl3,"2021-03-31 00:00:00",0,8742605
8qz3wym0x0wksprlogl3,"2021-06-30 00:00:00",16175989,0
8sbrrnuw7o55am31mmtr,"2013-03-31 00:00:00",0,0
8sbrrnuw7o55am31mmtr,"2013-06-30 00:00:00",17473975,0
8sbrrnuw7o55am31mmtr,"2013-09-30 00:00:00",824873,0
8sbrrnuw7o55am31mmtr,"2013-12-31 00:00:00",888717,3279456
8sbrrnuw7o55am31mmtr,"2014-03-31 00:00:00",5340869,0
8sbrrnuw7o55am31mmtr,"2014-06-30 00:00:00",10226058,0
8sbrrnuw7o55am31mmtr,"2014-09-30 00:00:00",19454323,0
8sbrrnuw7o55am31mmtr,"2014-12-31 00:00:00",1974954,450789
8sbrrnuw7o55am31mmtr,"2015-03-31 00:00:00",8384091,0
8sbrrnuw7o55am31mmtr,"2015-06-30 00:00:00",13377115,0
8sbrrnuw7o55am31mmtr,"2015-09-30 00:00:00",10233264,5975538
8sbrrnuw7o55am31mmtr,"2015-12-31 00:00:00",4136897,1317157
8sbrrnuw7o55am31mmtr,"2016-03-31 00:00:00",6149290,937417
8sbrrnuw7o55am31mmtr,"2016-06-30 00:00:00",3167308,34207582
8sbrrnuw7o55am31mmtr,"2016-09-30 00:00:00",847841,0
8sbrrnuw7o55am31mmtr,"2016-12-31 00:00:00",14003174,3400344
8sbrrnuw7o55am31mmtr,"2017-03-31 00:00:00",6488956,0
8sbrrnuw7o55am31mmtr,"2017-06-30 00:00:00",647389,3667226
8sbrrnuw7o55am31mmtr,"2017-09-30 00:00:00",10162382,1775064
8sbrrnuw7o55am31mmtr,"2017-12-31 00:00:00",5460210,11035924
8sbrrnuw7o55am31mmtr,"2018-03-31 00:00:00",4548575,6378971
8sbrrnuw7o55am31mmtr,"2018-06-30 00:00:00",9263213,20641526
8sbrrnuw7o55am31mmtr,"2018-09-30 00:00:00",317482,18547157
8sbrrnuw7o55am31mmtr,"2018-12-31 00:00:00",702466,1150479
8sbrrnuw7o55am31mmtr,"2019-03-31 00:00:00",1411168,6903991
8sbrrnuw7o55am31mmtr,"2019-06-30 00:00:00",456019,0
8sbrrnuw7o55am31mmtr,"2019-09-30 00:00:00",435496,12858948
8sbrrnuw7o55am31mmtr,"2019-12-31 00:00:00",435449,21872399
8sbrrnuw7o55am31mmtr,"2020-03-31 00:00:00",2672881,21364431
8sbrrnuw7o55am31mmtr,"2020-06-30 00:00:00",0,0
8sbrrnuw7o55am31mmtr,"2020-09-30 00:00:00",1152186,19565070
8sbrrnuw7o55am31mmtr,"2020-12-31 00:00:00",0,0
8sbrrnuw7o55am31mmtr,"2021-03-31 00:00:00",0,0
8sbrrnuw7o55am31mmtr,"2021-06-30 00:00:00",644858,6237766
8uttvqc4bm5byh2zydeu,"2013-03-31 00:00:00",0,0
8uttvqc4bm5byh2zydeu,"2013-06-30 00:00:00",37927417,0
8uttvqc4bm5byh2zydeu,"2013-09-30 00:00:00",42003065,0
8uttvqc4bm5byh2zydeu,"2013-12-31 00:00:00",-14410954,0
8uttvqc4bm5byh2zydeu,"2014-03-31 00:00:00",0,0
8uttvqc4bm5byh2zydeu,"2014-06-30 00:00:00",0,0
8uttvqc4bm5byh2zydeu,"2014-09-30 00:00:00",0,0
8uttvqc4bm5byh2zydeu,"2014-12-31 00:00:00",0,22667786
8uttvqc4bm5byh2zydeu,"2015-03-31 00:00:00",0,0
8uttvqc4bm5byh2zydeu,"2015-06-30 00:00:00",0,25715460
8uttvqc4bm5byh2zydeu,"2015-09-30 00:00:00",0,41536294
8uttvqc4bm5byh2zydeu,"2015-12-31 00:00:00",0,34187764
8uttvqc4bm5byh2zydeu,"2016-03-31 00:00:00",0,6720847
8uttvqc4bm5byh2zydeu,"2016-06-30 00:00:00",0,7874108
8uttvqc4bm5byh2zydeu,"2016-09-30 00:00:00",0,8046452
8uttvqc4bm5byh2zydeu,"2016-12-31 00:00:00",0,9573655
8uttvqc4bm5byh2zydeu,"2017-03-31 00:00:00",0,0
8uttvqc4bm5byh2zydeu,"2017-06-30 00:00:00",0,14381393
8uttvqc4bm5byh2zydeu,"2017-09-30 00:00:00",0,10346607
8uttvqc4bm5byh2zydeu,"2017-12-31 00:00:00",0,0
8uttvqc4bm5byh2zydeu,"2018-03-31 00:00:00",0,5041761
8uttvqc4bm5byh2zydeu,"2018-06-30 00:00:00",162112,3130962
8uttvqc4bm5byh2zydeu,"2018-09-30 00:00:00",0,21916026
8uttvqc4bm5byh2zydeu,"2018-12-31 00:00:00",0,0
8uttvqc4bm5byh2zydeu,"2019-03-31 00:00:00",0,7685377
8uttvqc4bm5byh2zydeu,"2019-06-30 00:00:00",0,0
8uttvqc4bm5byh2zydeu,"2019-09-30 00:00:00",0,0
8uttvqc4bm5byh2zydeu,"2019-12-31 00:00:00",657555,4253940
8uttvqc4bm5byh2zydeu,"2020-03-31 00:00:00",0,2245860
8uttvqc4bm5byh2zydeu,"2020-06-30 00:00:00",0,0
8uttvqc4bm5byh2zydeu,"2020-09-30 00:00:00",0,1313054
8uttvqc4bm5byh2zydeu,"2020-12-31 00:00:00",0,935779
8uttvqc4bm5byh2zydeu,"2021-03-31 00:00:00",0,1590817
8uttvqc4bm5byh2zydeu,"2021-06-30 00:00:00",0,2185989
985qbdt8q2p71bi6fiei,"2013-03-31 00:00:00",0,0
985qbdt8q2p71bi6fiei,"2013-06-30 00:00:00",5693127,2180135
985qbdt8q2p71bi6fiei,"2013-09-30 00:00:00",83611515,0
985qbdt8q2p71bi6fiei,"2013-12-31 00:00:00",70252215,0
985qbdt8q2p71bi6fiei,"2014-03-31 00:00:00",44439808,3930364
985qbdt8q2p71bi6fiei,"2014-06-30 00:00:00",19812466,7186730
985qbdt8q2p71bi6fiei,"2014-09-30 00:00:00",16514006,16238793
985qbdt8q2p71bi6fiei,"2014-12-31 00:00:00",1396576,3865002
985qbdt8q2p71bi6fiei,"2015-03-31 00:00:00",31307609,13221025
985qbdt8q2p71bi6fiei,"2015-06-30 00:00:00",0,18284950
985qbdt8q2p71bi6fiei,"2015-09-30 00:00:00",28868616,42515014
985qbdt8q2p71bi6fiei,"2015-12-31 00:00:00",22631518,7323876
985qbdt8q2p71bi6fiei,"2016-03-31 00:00:00",16873978,3398057
985qbdt8q2p71bi6fiei,"2016-06-30 00:00:00",9810604,31782324
985qbdt8q2p71bi6fiei,"2016-09-30 00:00:00",50290121,15814761
985qbdt8q2p71bi6fiei,"2016-12-31 00:00:00",48153300,36220764
985qbdt8q2p71bi6fiei,"2017-03-31 00:00:00",32622411,6220914
985qbdt8q2p71bi6fiei,"2017-06-30 00:00:00",11710159,12451939
985qbdt8q2p71bi6fiei,"2017-09-30 00:00:00",14080940,28799828
985qbdt8q2p71bi6fiei,"2017-12-31 00:00:00",357267,48810994
985qbdt8q2p71bi6fiei,"2018-03-31 00:00:00",0,8608764
985qbdt8q2p71bi6fiei,"2018-06-30 00:00:00",0,60150901
985qbdt8q2p71bi6fiei,"2018-09-30 00:00:00",1572255,43455198
985qbdt8q2p71bi6fiei,"2018-12-31 00:00:00",187243,31982226
985qbdt8q2p71bi6fiei,"2019-03-31 00:00:00",1023772,58666566
985qbdt8q2p71bi6fiei,"2019-06-30 00:00:00",7017476,16704173
985qbdt8q2p71bi6fiei,"2019-09-30 00:00:00",7952355,28495261
985qbdt8q2p71bi6fiei,"2019-12-31 00:00:00",0,510979
985qbdt8q2p71bi6fiei,"2020-03-31 00:00:00",2166,45501480
985qbdt8q2p71bi6fiei,"2020-06-30 00:00:00",0,12737603
985qbdt8q2p71bi6fiei,"2020-09-30 00:00:00",1670067,25964043
985qbdt8q2p71bi6fiei,"2020-12-31 00:00:00",6923947,37333630
985qbdt8q2p71bi6fiei,"2021-03-31 00:00:00",199291,9045545
985qbdt8q2p71bi6fiei,"2021-06-30 00:00:00",220484,89899104
99fzd8q8rocmlqdqcg4a,"2020-06-30 00:00:00",0,0
99fzd8q8rocmlqdqcg4a,"2020-09-30 00:00:00",0,0
99fzd8q8rocmlqdqcg4a,"2020-12-31 00:00:00",30988172,0
99fzd8q8rocmlqdqcg4a,"2021-03-31 00:00:00",2674803,0
99fzd8q8rocmlqdqcg4a,"2021-06-30 00:00:00",4001242,0
9j531p09rmveck59zzkb,"2021-06-30 00:00:00",0,0
9lpdezgrkr94fmd1j1k8,"2016-03-31 00:00:00",0,0
9lpdezgrkr94fmd1j1k8,"2016-06-30 00:00:00",22992275,0
9lpdezgrkr94fmd1j1k8,"2016-09-30 00:00:00",18551813,0
9lpdezgrkr94fmd1j1k8,"2016-12-31 00:00:00",0,0
9lpdezgrkr94fmd1j1k8,"2017-03-31 00:00:00",44581615,23038893
9lpdezgrkr94fmd1j1k8,"2017-06-30 00:00:00",0,0
9lpdezgrkr94fmd1j1k8,"2017-09-30 00:00:00",30688587,0
9lpdezgrkr94fmd1j1k8,"2017-12-31 00:00:00",0,0
9lpdezgrkr94fmd1j1k8,"2018-03-31 00:00:00",33435521,0
9lpdezgrkr94fmd1j1k8,"2018-06-30 00:00:00",0,0
9lpdezgrkr94fmd1j1k8,"2018-09-30 00:00:00",19754424,0
9lpdezgrkr94fmd1j1k8,"2018-12-31 00:00:00",34480423,8796820
9lpdezgrkr94fmd1j1k8,"2019-03-31 00:00:00",0,0
9lpdezgrkr94fmd1j1k8,"2019-06-30 00:00:00",0,0
9lpdezgrkr94fmd1j1k8,"2019-09-30 00:00:00",11716258,18446164
9lpdezgrkr94fmd1j1k8,"2019-12-31 00:00:00",5248764,38495403
9lpdezgrkr94fmd1j1k8,"2020-03-31 00:00:00",0,0
9lpdezgrkr94fmd1j1k8,"2020-06-30 00:00:00",0,0
9lpdezgrkr94fmd1j1k8,"2020-09-30 00:00:00",2197971,29680289
9lpdezgrkr94fmd1j1k8,"2020-12-31 00:00:00",0,2011327
9lpdezgrkr94fmd1j1k8,"2021-03-31 00:00:00",-14907764,33774725
9lpdezgrkr94fmd1j1k8,"2021-06-30 00:00:00",0,0
9tz00qf04ffng08qx0ou,"2019-03-31 00:00:00",0,0
9tz00qf04ffng08qx0ou,"2019-06-30 00:00:00",14651475,6661
9tz00qf04ffng08qx0ou,"2019-09-30 00:00:00",7426871,32660
9tz00qf04ffng08qx0ou,"2019-12-31 00:00:00",0,0
9tz00qf04ffng08qx0ou,"2020-03-31 00:00:00",8770611,0
9tz00qf04ffng08qx0ou,"2020-06-30 00:00:00",27926646,0
9tz00qf04ffng08qx0ou,"2020-09-30 00:00:00",0,6509450
9tz00qf04ffng08qx0ou,"2020-12-31 00:00:00",9521733,4029659
9tz00qf04ffng08qx0ou,"2021-03-31 00:00:00",17048559,4339633
9tz00qf04ffng08qx0ou,"2021-06-30 00:00:00",18598429,0
9xujicuan8fvzukecv84,"2019-06-30 00:00:00",0,0
9xujicuan8fvzukecv84,"2019-09-30 00:00:00",29670923,0
9xujicuan8fvzukecv84,"2019-12-31 00:00:00",5222952,0
9xujicuan8fvzukecv84,"2020-03-31 00:00:00",17427872,0
9xujicuan8fvzukecv84,"2020-06-30 00:00:00",54055174,0
9xujicuan8fvzukecv84,"2020-09-30 00:00:00",30799786,11161205
9xujicuan8fvzukecv84,"2020-12-31 00:00:00",0,19751198
9xujicuan8fvzukecv84,"2021-03-31 00:00:00",0,0
9xujicuan8fvzukecv84,"2021-06-30 00:00:00",50358429,0
aAlnyNv2XO1BBfCSrc68,"2010-03-31 00:00:00",0,0
aAlnyNv2XO1BBfCSrc68,"2010-09-30 00:00:00",22500000,0
aAlnyNv2XO1BBfCSrc68,"2010-12-31 00:00:00",0,0
aAlnyNv2XO1BBfCSrc68,"2011-03-31 00:00:00",0,3750000
aAlnyNv2XO1BBfCSrc68,"2011-06-30 00:00:00",15000000,0
aAlnyNv2XO1BBfCSrc68,"2011-09-30 00:00:00",15000000,0
aAlnyNv2XO1BBfCSrc68,"2011-12-31 00:00:00",17250000,0
aAlnyNv2XO1BBfCSrc68,"2012-03-31 00:00:00",0,0
aAlnyNv2XO1BBfCSrc68,"2012-06-30 00:00:00",18750000,0
aAlnyNv2XO1BBfCSrc68,"2012-09-30 00:00:00",0,0
aAlnyNv2XO1BBfCSrc68,"2012-12-31 00:00:00",0,0
aAlnyNv2XO1BBfCSrc68,"2013-03-31 00:00:00",0,15920620
aAlnyNv2XO1BBfCSrc68,"2013-06-30 00:00:00",0,0
aAlnyNv2XO1BBfCSrc68,"2013-09-30 00:00:00",11250000,0
aAlnyNv2XO1BBfCSrc68,"2013-12-31 00:00:00",0,0
aAlnyNv2XO1BBfCSrc68,"2014-03-31 00:00:00",0,10613734
aAlnyNv2XO1BBfCSrc68,"2014-06-30 00:00:00",9000000,9000000
aAlnyNv2XO1BBfCSrc68,"2014-09-30 00:00:00",530687,4245499
aAlnyNv2XO1BBfCSrc68,"2014-12-31 00:00:00",9207425,7083686
aAlnyNv2XO1BBfCSrc68,"2015-03-31 00:00:00",0,3980155
aAlnyNv2XO1BBfCSrc68,"2015-06-30 00:00:00",0,0
aAlnyNv2XO1BBfCSrc68,"2015-09-30 00:00:00",0,0
aAlnyNv2XO1BBfCSrc68,"2015-12-31 00:00:00",0,7854172
aAlnyNv2XO1BBfCSrc68,"2016-03-31 00:00:00",0,1326718
aAlnyNv2XO1BBfCSrc68,"2016-06-30 00:00:00",0,4776186
aAlnyNv2XO1BBfCSrc68,"2016-09-30 00:00:00",0,4404705
aAlnyNv2XO1BBfCSrc68,"2016-12-31 00:00:00",0,6421317
aAlnyNv2XO1BBfCSrc68,"2017-03-31 00:00:00",0,1592062
aAlnyNv2XO1BBfCSrc68,"2017-06-30 00:00:00",0,0
aAlnyNv2XO1BBfCSrc68,"2017-09-30 00:00:00",0,2653437
aAlnyNv2XO1BBfCSrc68,"2017-12-31 00:00:00",0,1751269
aAlnyNv2XO1BBfCSrc68,"2018-03-31 00:00:00",0,2918781
aAlnyNv2XO1BBfCSrc68,"2018-06-30 00:00:00",0,0
aAlnyNv2XO1BBfCSrc68,"2018-09-30 00:00:00",0,0
aAlnyNv2XO1BBfCSrc68,"2018-12-31 00:00:00",0,1592062
aAlnyNv2XO1BBfCSrc68,"2019-03-31 00:00:00",0,0
aAlnyNv2XO1BBfCSrc68,"2019-06-30 00:00:00",0,0
aAlnyNv2XO1BBfCSrc68,"2019-09-30 00:00:00",0,0
aAlnyNv2XO1BBfCSrc68,"2019-12-31 00:00:00",0,11146663
aAlnyNv2XO1BBfCSrc68,"2020-03-31 00:00:00",0,0
aAlnyNv2XO1BBfCSrc68,"2020-06-30 00:00:00",0,0
aAlnyNv2XO1BBfCSrc68,"2020-09-30 00:00:00",0,0
aAlnyNv2XO1BBfCSrc68,"2020-12-31 00:00:00",0,1237436
aAlnyNv2XO1BBfCSrc68,"2021-03-31 00:00:00",2016700,18594585
aAlnyNv2XO1BBfCSrc68,"2021-06-30 00:00:00",0,267579
ao0uc7ewgydhl9fezc5a,"2018-06-30 00:00:00",0,0
ao0uc7ewgydhl9fezc5a,"2018-09-30 00:00:00",0,0
ao0uc7ewgydhl9fezc5a,"2018-12-31 00:00:00",0,0
ao0uc7ewgydhl9fezc5a,"2019-03-31 00:00:00",14214854,0
ao0uc7ewgydhl9fezc5a,"2019-06-30 00:00:00",32294309,0
ao0uc7ewgydhl9fezc5a,"2019-09-30 00:00:00",0,0
ao0uc7ewgydhl9fezc5a,"2019-12-31 00:00:00",11732115,0
ao0uc7ewgydhl9fezc5a,"2020-03-31 00:00:00",0,0
ao0uc7ewgydhl9fezc5a,"2020-06-30 00:00:00",0,0
ao0uc7ewgydhl9fezc5a,"2020-09-30 00:00:00",13232651,281275
ao0uc7ewgydhl9fezc5a,"2020-12-31 00:00:00",15052530,0
ao0uc7ewgydhl9fezc5a,"2021-03-31 00:00:00",21777488,0
ao0uc7ewgydhl9fezc5a,"2021-06-30 00:00:00",13008806,0
axy36ox2e6pfi35saiap,"2021-03-31 00:00:00",0,0
axy36ox2e6pfi35saiap,"2021-06-30 00:00:00",49872,96841
aylghy7aJ31u4uievmE3,"2012-09-30 00:00:00",0,0
aylghy7aJ31u4uievmE3,"2012-12-31 00:00:00",0,894421
aylghy7aJ31u4uievmE3,"2013-03-31 00:00:00",0,0
aylghy7aJ31u4uievmE3,"2013-06-30 00:00:00",0,0
aylghy7aJ31u4uievmE3,"2013-09-30 00:00:00",11576691,0
aylghy7aJ31u4uievmE3,"2013-12-31 00:00:00",1590180,0
aylghy7aJ31u4uievmE3,"2014-03-31 00:00:00",26579382,0
aylghy7aJ31u4uievmE3,"2014-06-30 00:00:00",2554984,0
aylghy7aJ31u4uievmE3,"2014-09-30 00:00:00",0,0
aylghy7aJ31u4uievmE3,"2014-12-31 00:00:00",729778,1123526
aylghy7aJ31u4uievmE3,"2015-03-31 00:00:00",0,1023180
aylghy7aJ31u4uievmE3,"2015-06-30 00:00:00",37250971,1700688
aylghy7aJ31u4uievmE3,"2015-09-30 00:00:00",1230874,0
aylghy7aJ31u4uievmE3,"2015-12-31 00:00:00",444038,1209020
aylghy7aJ31u4uievmE3,"2016-03-31 00:00:00",14964471,700579
aylghy7aJ31u4uievmE3,"2016-06-30 00:00:00",6763292,0
aylghy7aJ31u4uievmE3,"2016-09-30 00:00:00",75574,4797950
aylghy7aJ31u4uievmE3,"2016-12-31 00:00:00",274355,10312755
aylghy7aJ31u4uievmE3,"2017-03-31 00:00:00",256010,6017853
aylghy7aJ31u4uievmE3,"2017-06-30 00:00:00",0,0
aylghy7aJ31u4uievmE3,"2017-09-30 00:00:00",2089756,7343497
aylghy7aJ31u4uievmE3,"2017-12-31 00:00:00",241444,0
aylghy7aJ31u4uievmE3,"2018-03-31 00:00:00",198130,0
aylghy7aJ31u4uievmE3,"2018-06-30 00:00:00",238796,10576100
aylghy7aJ31u4uievmE3,"2018-09-30 00:00:00",215550,886879
aylghy7aJ31u4uievmE3,"2018-12-31 00:00:00",191890,0
aylghy7aJ31u4uievmE3,"2019-03-31 00:00:00",0,19830654
aylghy7aJ31u4uievmE3,"2019-06-30 00:00:00",306134,0
aylghy7aJ31u4uievmE3,"2019-09-30 00:00:00",0,1119936
aylghy7aJ31u4uievmE3,"2019-12-31 00:00:00",814631,1180109
aylghy7aJ31u4uievmE3,"2020-03-31 00:00:00",1073651,0
aylghy7aJ31u4uievmE3,"2020-06-30 00:00:00",191442,0
aylghy7aJ31u4uievmE3,"2020-09-30 00:00:00",42104,24885
aylghy7aJ31u4uievmE3,"2020-12-31 00:00:00",60000,0
aylghy7aJ31u4uievmE3,"2021-03-31 00:00:00",0,0
aylghy7aJ31u4uievmE3,"2021-06-30 00:00:00",0,7424015
b58cfzk9l1j20taynttv,"2018-09-30 00:00:00",0,0
